Date,Average Cost,
2010.07.21,47.80,
2010.07.22,58.06,
2010.07.23,46.15,
2010.07.24,43.59,
2010.07.25,19.15,
2010.07.26,38.12,
2010.07.27,47.85,
2010.07.28,43.73,
2010.07.29,43.87,
2010.07.30,42.24,
2010.07.31,38.43,
2010.08.01,28.92,
2010.08.02,43.67,
2010.08.03,41.32,
2010.08.04,41.03,
2010.08.05,39.80,
2010.08.06,38.54,
2010.08.07,35.11,
2010.08.08,24.08,
2010.08.09,38.74,
2010.08.10,39.14,
2010.08.11,40.14,
2010.08.12,42.20,
2010.08.13,42.13,
2010.08.14,36.73,
2010.08.15,27.18,
2010.08.16,47.96,
2010.08.17,43.26,
2010.08.18,40.04,
2010.08.19,41.14,
2010.08.20,43.62,
2010.08.21,39.19,
2010.08.22,30.91,
2010.08.23,54.28,
2010.08.24,56.18,
2010.08.25,42.61,
2010.08.26,50.55,
2010.08.27,54.70,
2010.08.28,45.58,
2010.08.29,29.87,
2010.08.30,34.44,
2010.08.31,46.44,
2010.09.01,46.54,
2010.09.02,45.21,
2010.09.03,46.65,
2010.09.04,44.95,
2010.09.05,41.04,
2010.09.06,42.42,
2010.09.07,45.56,
2010.09.08,38.18,
2010.09.09,45.24,
2010.09.10,46.92,
2010.09.11,43.74,
2010.09.12,35.90,
2010.09.13,43.57,
2010.09.14,44.85,
2010.09.15,43.79,
2010.09.16,45.75,
2010.09.17,47.77,
2010.09.18,42.15,
2010.09.19,36.90,
2010.09.20,51.20,
2010.09.21,50.22,
2010.09.22,51.15,
2010.09.23,50.79,
2010.09.24,49.39,
2010.09.25,45.69,
2010.09.26,38.01,
2010.09.27,50.96,
2010.09.28,55.037,
2010.09.29,56.00,
2010.09.30,57.23,
2010.10.01,55.79,
2010.10.02,47.51,
2010.10.03,40.56,
2010.10.04,50.42,
2010.10.05,51.24,
2010.10.06,52.07,
2010.10.07,52.28,
2010.10.08,49.62,
2010.10.09,46.97,
2010.10.10,45.86,
2010.10.11,48.67,
2010.10.12,54.03,
2010.10.13,54.58,
2010.10.14,53.81,
2010.10.15,56.26,
2010.10.16,40.17,
2010.10.17,52.60,
2010.10.18,58.30,
2010.10.19,57.25,
2010.10.20,54.47,
2010.10.21,53.52,
2010.10.22,54.16,
2010.10.23,46.43,
2010.10.24,42.67,
2010.10.25,52.36,
2010.10.26,57.12,
2010.10.27,52.32,
2010.10.28,52.07,
2010.10.29,51.32,
2010.10.30,47.14,
2010.10.31,31.95,
2010.11.01,41.87,
2010.11.02,47.31,
2010.11.03,40.50,
2010.11.04,43.18,
2010.11.05,42.65,
2010.11.06,51.43,
2010.11.07,46.98,
2010.11.08,49.49,
2010.11.09,52.75,
2010.11.10,49.03,
2010.11.11,42.80,
2010.11.12,37.05,
2010.11.13,37.79,
2010.11.14,32.56,
2010.11.15,46.33,
2010.11.16,51.74,
2010.11.17,50.09,
2010.11.18,43.18,
2010.11.19,52.46,
2010.11.20,48.12,
2010.11.21,42.73,
2010.11.22,45.91,
2010.11.23,50.27,
2010.11.24,45.65,
2010.11.25,57.51,
2010.11.26,55.19,
2010.11.27,52.55,
2010.11.28,47.86,
2010.11.29,57.12,
2010.11.30,57.48,
2010.12.01,47.43,
2010.12.02,54.11,
2010.12.03,61.64,
2010.12.04,52.31,
2010.12.05,42.48,
2010.12.06,56.90,
2010.12.07,61.64,
2010.12.08,52.79,
2010.12.09,50.46,
2010.12.10,55.08,
2010.12.11,38.06,
2010.12.12,43.38,
2010.12.13,62.11,
2010.12.14,62.33,
2010.12.15,66.71,
2010.12.16,45.97,
2010.12.17,51.61,
2010.12.18,45.14,
2010.12.19,31.87,
2010.12.20,58.28,
2010.12.21,62.94,
2010.12.22,38.82,
2010.12.23,44.50,
2010.12.24,30.28,
2010.12.25,31.82,
2010.12.26,40.07,
2010.12.27,55.97,
2010.12.28,42.75,
2010.12.29,49.99,
2010.12.30,50.57,
2010.12.31,41.57,
2011.01.01,30.22,
2011.01.02,41.83,
2011.01.03,65.50,
2011.01.04,61.60,
2011.01.05,54.26,
2011.01.06,45.11,
2011.01.07,47.02,
2011.01.08,38.26,
2011.01.09,34.83,
2011.01.10,59.43,
2011.01.11,52.34,
2011.01.12,52.13,
2011.01.13,48.73,
2011.01.14,44.90,
2011.01.15,37.22,
2011.01.16,28.22,
2011.01.17,44.94,
2011.01.18,52.67,
2011.01.19,55.09,
2011.01.20,57.49,
2011.01.21,55.86,
2011.01.22,50.80,
2011.01.23,51.40,
2011.01.24,56.84,
2011.01.25,54.25,
2011.01.26,59.29,
2011.01.27,57.78,
2011.01.28,58.03,
2011.01.29,52.98,
2011.01.30,46.54,
2011.01.31,55.47,
2011.02.01,59.36,
2011.02.02,54.17,
2011.02.03,51.31,
2011.02.04,46.42,
2011.02.05,36.96,
2011.02.06,33.82,
2011.02.07,43.92,
2011.02.08,49.74,
2011.02.09,55.26,
2011.02.10,52.50,
2011.02.11,50.78,
2011.02.12,46.22,
2011.02.13,43.10,
2011.02.14,47.63,
2011.02.15,52.16,
2011.02.16,57.45,
2011.02.17,55.57,
2011.02.18,56.64,
2011.02.19,53.11,
2011.02.20,42.22,
2011.02.21,55.59,
2011.02.22,59.60,
2011.02.23,58.31,
2011.02.24,57.40,
2011.02.25,56.79,
2011.02.26,49.92,
2011.02.27,48.01,
2011.02.28,58.56,
2011.03.01,58.79,
2011.03.02,58.04,
2011.03.03,58.12,
2011.03.04,59.13,
2011.03.05,51.25,
2011.03.06,49.21,
2011.03.07,57.59,
2011.03.08,56.79,
2011.03.09,50.52,
2011.03.10,50.07,
2011.03.11,54.0695,
2011.03.12,52.16,
2011.03.13,46.38,
2011.03.14,56.71,
2011.03.15,55.05,
2011.03.16,50.26,
2011.03.17,56.23,
2011.03.18,59.20,
2011.03.19,55.08,
2011.03.20,47.28,
2011.03.21,63.26,
2011.03.22,55.40,
2011.03.23,53.92,
2011.03.24,52.19,
2011.03.25,49.52,
2011.03.26,51.69,
2011.03.27,49.03,
2011.03.28,55.89,
2011.03.29,54.98,
2011.03.30,53.86,
2011.03.31,50.56,
2011.04.01,52.40,
2011.04.02,50.90,
2011.04.03,48.11,
2011.04.04,57.78,
2011.04.05,56.10,
2011.04.06,54.36,
2011.04.07,53.34,
2011.04.08,52.56,
2011.04.09,48.81,
2011.04.10,43.37,
2011.04.11,51.40,
2011.04.12,51.37,
2011.04.13,55.63,
2011.04.14,60.85,
2011.04.15,57.01,
2011.04.16,53.59,
2011.04.17,48.48,
2011.04.18,60.48,
2011.04.19,58.08,
2011.04.20,56.45,
2011.04.21,57.16,
2011.04.22,49.36,
2011.04.23,52.68,
2011.04.24,37.94,
2011.04.25,30.69,
2011.04.26,51.89,
2011.04.27,57.34,
2011.04.28,56.32,
2011.04.29,52.49,
2011.04.30,43.47,
2011.05.01,36.81,
2011.05.02,53.03,
2011.05.03,60.11,
2011.05.04,61.33,
2011.05.05,61.36,
2011.05.06,59.42,
2011.05.07,53.53,
2011.05.08,37.45,
2011.05.09,50.14,
2011.05.10,61.96,
2011.05.11,64.72,
2011.05.12,66.45,
2011.05.13,61.28,
2011.05.14,57.20,
2011.05.15,44.89,
2011.05.16,57.75,
2011.05.17,56.16,
2011.05.18,64.18,
2011.05.19,63.80,
2011.05.20,62.72,
2011.05.21,57.56,
2011.05.22,47.63,
2011.05.23,57.41,
2011.05.24,60.81,
2011.05.25,60.91,
2011.05.26,58.13,
2011.05.27,56.06,
2011.05.28,51.64,
2011.05.29,45.41,
2011.05.30,59.08,
2011.05.31,59.22,
2011.06.01,58.28,
2011.06.02,48.73,
2011.06.03,54.28,
2011.06.04,53.55,
2011.06.05,46.98,
2011.06.06,60.72,
2011.06.07,61.34,
2011.06.08,59.95,
2011.06.09,57.14,
2011.06.10,58.15,
2011.06.11,51.29,
2011.06.12,45.00,
2011.06.13,50.43,
2011.06.14,57.52,
2011.06.15,62.02,
2011.06.16,59.42,
2011.06.17,55.38,
2011.06.18,50.64,
2011.06.19,35.29,
2011.06.20,46.73,
2011.06.21,56.84,
2011.06.22,56.92,
2011.06.23,48.32,
2011.06.24,48.62,
2011.06.25,49.94,
2011.06.26,40.99,
2011.06.27,52.44,
2011.06.28,53.87,
2011.06.29,52.56,
2011.06.30,49.46,
2011.07.01,50.29,
2011.07.02,84.61,
2011.07.03,25.06,
2011.07.04,57.78,
2011.07.05,53.86,
2011.07.06,60.56,
2011.07.07,64.99,
2011.07.08,61.08,
2011.07.09,48.63,
2011.07.10,52.65,
2011.07.11,77.36,
2011.07.12,73.61,
2011.07.13,53.73,
2011.07.14,67.69,
2011.07.15,51.64,
2011.07.16,57.43,
2011.07.17,64.24,
2011.07.18,65.06,
2011.07.19,56.35,
2011.07.20,54.81,
2011.07.21,53.19,
2011.07.22,46.33,
2011.07.23,60.92,
2011.07.24,25.06,
2011.07.25,48.07,
2011.07.26,49.18,
2011.07.27,49.37,
2011.07.28,48.31,
2011.07.29,46.01,
2011.07.30,38.94,
2011.07.31,31.85,
2011.08.01,78.85,
2011.08.02,51.23,
2011.08.03,49.34,
2011.08.04,48.67,
2011.08.05,48.74,
2011.08.06,85.16,
2011.08.07,58.29,
2011.08.08,53.87,
2011.08.09,41.38,
2011.08.10,42.86,
2011.08.11,44.42,
2011.08.12,46.88,
2011.08.13,47.24,
2011.08.14,36.88,
2011.08.15,43.99,
2011.08.16,51.14,
2011.08.17,55.14,
2011.08.18,52.87,
2011.08.19,50.12,
2011.08.20,48.12,
2011.08.21,49.48,
2011.08.22,60.28,
2011.08.23,60.23,
2011.08.24,67.38,
2011.08.25,62.91,
2011.08.26,84.47,
2011.08.27,60.75,
2011.08.28,37.71,
2011.08.29,68.22,
2011.08.30,56.31,
2011.08.31,59.25,
2011.09.01,63.95,
2011.09.02,59.42,
2011.09.03,51.98,
2011.09.04,46.31,
2011.09.05,58.55,
2011.09.06,82.22,
2011.09.07,73.46,
2011.09.08,71.44,
2011.09.09,59.83,
2011.09.10,59.06,
2011.09.11,48.85,
2011.09.12,86.73,
2011.09.13,93.06,
2011.09.14,66.38,
2011.09.15,98.22,
2011.09.16,69.06,
2011.09.17,79.78,
2011.09.18,65.03,
2011.09.19,59.26,
2011.09.20,61.56,
2011.09.21,68.42,
2011.09.22,58.71,
2011.09.23,62.82,
2011.09.24,69.12,
2011.09.25,45.93,
2011.09.26,54.89,
2011.09.27,66.74,
2011.09.28,57.61,
2011.09.29,58.90,
2011.09.30,59.03,
2011.10.01,49.91,
2011.10.02,40.46,
2011.10.03,60.02,
2011.10.04,56.05,
2011.10.05,61.63,
2011.10.06,73.62,
2011.10.07,53.34,
2011.10.08,43.44,
2011.10.09,44.31,
2011.10.10,49.16,
2011.10.11,54.57,
2011.10.12,60.33,
2011.10.13,86.36,
2011.10.14,60.16,
2011.10.15,57.81,
2011.10.16,45.63,
2011.10.17,56.40,
2011.10.18,54.49,
2011.10.19,58.86,
2011.10.20,61.62,
2011.10.21,62.67,
2011.10.22,50.86,
2011.10.23,42.84,
2011.10.24,55.55,
2011.10.25,63.97,
2011.10.26,58.98,
2011.10.27,56.87,
2011.10.28,56.83,
2011.10.29,50.84,
2011.10.30,43.68,
2011.10.31,47.50,
2011.11.01,49.55,
2011.11.02,67.39,
2011.11.03,75.30,
2011.11.04,56.43,
2011.11.05,64.41,
2011.11.06,54.89,
2011.11.07,58.02,
2011.11.08,62.41,
2011.11.09,60.58,
2011.11.10,63.80,
2011.11.11,66.19,
2011.11.12,57.37,
2011.11.13,47.49,
2011.11.14,62.30,
2011.11.15,68.86,
2011.11.16,73.04,
2011.11.17,71.77,
2011.11.18,69.10,
2011.11.19,84.33,
2011.11.20,71.36,
2011.11.21,75.07,
2011.11.22,75.79,
2011.11.23,87.08,
2011.11.24,79.13,
2011.11.25,71.70,
2011.11.26,50.86,
2011.11.27,41.12,
2011.11.28,77.88,
2011.11.29,86.26,
2011.11.30,62.04,
2011.12.01,69.22,
2011.12.02,69.25,
2011.12.03,65.97,
2011.12.04,68.09,
2011.12.05,56.67,
2011.12.06,71.19,
2011.12.07,61.89,
2011.12.08,65.73,
2011.12.09,71.51,
2011.12.10,56.60,
2011.12.11,48.76,
2011.12.12,68.30,
2011.12.13,73.82,
2011.12.14,66.34,
2011.12.15,63.74,
2011.12.16,48.50,
2011.12.17,44.55,
2011.12.18,47.38,
2011.12.19,54.29,
2011.12.20,58.27,
2011.12.21,55.85,
2011.12.22,58.58,
2011.12.23,42.75,
2011.12.24,80.97,
2011.12.25,32.36,
2011.12.26,23.94,
2011.12.27,48.01,
2011.12.28,74.47,
2011.12.29,47.07,
2011.12.30,39.07,
2011.12.31,42.81,
2012.01.01,18.95,
2012.01.02,36.07,
2012.01.03,59.19,
2012.01.04,44.47,
2012.01.05,44.50,
2012.01.06,34.44,
2012.01.07,71.99,
2012.01.08,54.87,
2012.01.09,52.42,
2012.01.10,52.53,
2012.01.11,47.64,
2012.01.12,74.70,
2012.01.13,51.12,
2012.01.14,44.59,
2012.01.15,45.67,
2012.01.16,53.33,
2012.01.17,59.30,
2012.01.18,76.92,
2012.01.19,65.42,
2012.01.20,73.01,
2012.01.21,55.67,
2012.01.22,49.48,
2012.01.23,53.37,
2012.01.24,100.08,
2012.01.25,53.80,
2012.01.26,78.63,
2012.01.27,64.95,
2012.01.28,56.30,
2012.01.29,47.71,
2012.01.30,51.29,
2012.01.31,65.51,
2012.02.01,52.02,
2012.02.02,59.62,
2012.02.03,68.44,
2012.02.04,80.58,
2012.02.05,53.74,
2012.02.06,74.11,
2012.02.07,77.52,
2012.02.08,96.77,
2012.02.09,90.64,
2012.02.10,91.33,
2012.02.11,109.92,
2012.02.12,90.40,
2012.02.13,89.21,
2012.02.14,100.28,
2012.02.15,79.17,
2012.02.16,145.05,
2012.02.17,64.30,
2012.02.18,53.50,
2012.02.19,56.02,
2012.02.20,86.03,
2012.02.21,72.10,
2012.02.22,76.51,
2012.02.23,98.84,
2012.02.24,49.75,
2012.02.25,73.74,
2012.02.26,53.82,
2012.02.27,51.89,
2012.02.28,46.41,
2012.02.29,57.96,
2012.03.01,49.04,
2012.03.02,52.17,
2012.03.03,48.10,
2012.03.04,37.90,
2012.03.05,49.33,
2012.03.06,64.71,
2012.03.07,73.05,
2012.03.08,69.95,
2012.03.09,60.86,
2012.03.10,58.80,
2012.03.11,43.07,
2012.03.12,49.88,
2012.03.13,56.26,
2012.03.14,60.20,
2012.03.15,46.05,
2012.03.16,48.78,
2012.03.17,38.41,
2012.03.18,34.07,
2012.03.19,43.05,
2012.03.20,46.87,
2012.03.21,45.48,
2012.03.22,45.18,
2012.03.23,43.55,
2012.03.24,39.53,
2012.03.25,26.73,
2012.03.26,43.72,
2012.03.27,56.81,
2012.03.28,38.40,
2012.03.29,49.15,
2012.03.30,51.84,
2012.03.31,27.66,
2012.04.01,80.65,
2012.04.02,69.82,
2012.04.03,53.12,
2012.04.04,70.82,
2012.04.05,56.35,
2012.04.06,61.03,
2012.04.07,35.25,
2012.04.08,23.65,
2012.04.09,19.95,
2012.04.10,64.74,
2012.04.11,83.36,
2012.04.12,59.06,
2012.04.13,50.38,
2012.04.14,49.40,
2012.04.15,33.00,
2012.04.16,47.71,
2012.04.17,99.42,
2012.04.18,52.16,
2012.04.19,52.20,
2012.04.20,56.56,
2012.04.21,45.28,
2012.04.22,37.47,
2012.04.23,55.13,
2012.04.24,53.30,
2012.04.25,44.33,
2012.04.26,44.21,
2012.04.27,43.23,
2012.04.28,38.65,
2012.04.29,25.61,
2012.04.30,36.66,
2012.05.01,26.69,
2012.05.02,47.37,
2012.05.03,51.80,
2012.05.04,45.76,
2012.05.05,38.01,
2012.05.06,31.28,
2012.05.07,46.56,
2012.05.08,41.79,
2012.05.09,48.45,
2012.05.10,44.30,
2012.05.11,45.75,
2012.05.12,43.89,
2012.05.13,29.50,
2012.05.14,41.57,
2012.05.15,46.41,
2012.05.16,46.36,
2012.05.17,55.64,
2012.05.18,54.51,
2012.05.19,59.41,
2012.05.20,28.97,
2012.05.21,37.74,
2012.05.22,41.51,
2012.05.23,46.87,
2012.05.24,40.64,
2012.05.25,41.83,
2012.05.26,44.92,
2012.05.27,18.22,
2012.05.28,23.68,
2012.05.29,37.42,
2012.05.30,45.37,
2012.05.31,46.65,
2012.06.01,41.91,
2012.06.02,39.85,
2012.06.03,27.26,
2012.06.04,43.79,
2012.06.05,43.75,
2012.06.06,47.24,
2012.06.07,42.29,
2012.06.08,40.44,
2012.06.09,28.31,
2012.06.10,27.32,
2012.06.11,45.59,
2012.06.12,45.35,
2012.06.13,48.56,
2012.06.14,46.28,
2012.06.15,42.09,
2012.06.16,33.59,
2012.06.17,20.49,
2012.06.18,40.49,
2012.06.19,50.35,
2012.06.20,51.27,
2012.06.21,57.51,
2012.06.22,39.72,
2012.06.23,61.05,
2012.06.24,35.26,
2012.06.25,41.01,
2012.06.26,53.04,
2012.06.27,49.50,
2012.06.28,56.71,
2012.06.29,49.65,
2012.06.30,33.95,
2012.07.01,54.81,
2012.07.02,76.82,
2012.07.03,116.73,
2012.07.04,81.97,
2012.07.05,53.70,
2012.07.06,93.74,
2012.07.07,52.69,
2012.07.08,45.58,
2012.07.09,87.08,
2012.07.10,79.20,
2012.07.11,89.52,
2012.07.12,56.23,
2012.07.13,61.40,
2012.07.14,49.10,
2012.07.15,25.48,
2012.07.16,45.12,
2012.07.17,59.49,
2012.07.18,45.91,
2012.07.19,55.70,
2012.07.20,52.24,
2012.07.21,37.93,
2012.07.22,26.01,
2012.07.23,38.18,
2012.07.24,43.05,
2012.07.25,47.49,
2012.07.26,50.64,
2012.07.27,57.62,
2012.07.28,44.59,
2012.07.29,26.51,
2012.07.30,56.61,
2012.07.31,57.61,
2012.08.01,53.78,
2012.08.02,66.24,
2012.08.03,60.15,
2012.08.04,63.12,
2012.08.05,63.78,
2012.08.06,47.81,
2012.08.07,49.24,
2012.08.08,66.33,
2012.08.09,61.86,
2012.08.10,73.94,
2012.08.11,57.85,
2012.08.12,45.44,
2012.08.13,50.38,
2012.08.14,72.08,
2012.08.15,59.04,
2012.08.16,57.03,
2012.08.17,56.01,
2012.08.18,57.25,
2012.08.19,42.11,
2012.08.20,56.11,
2012.08.21,72.23,
2012.08.22,79.18,
2012.08.23,66.05,
2012.08.24,81.04,
2012.08.25,61.00,
2012.08.26,60.45,
2012.08.27,65.81,
2012.08.28,56.26,
2012.08.29,62.41,
2012.08.30,67.50,
2012.08.31,52.64,
2012.09.01,45.10,
2012.09.02,34.19,
2012.09.03,50.66,
2012.09.04,56.44,
2012.09.05,67.46,
2012.09.06,51.60,
2012.09.07,52.44,
2012.09.08,57.60,
2012.09.09,45.60,
2012.09.10,50.51,
2012.09.11,52.88,
2012.09.12,57.22,
2012.09.13,54.26,
2012.09.14,41.71,
2012.09.15,41.49,
2012.09.16,33.08,
2012.09.17,51.60,
2012.09.18,52.79,
2012.09.19,53.49,
2012.09.20,52.93,
2012.09.21,50.63,
2012.09.22,67.58,
2012.09.23,36.70,
2012.09.24,45.38,
2012.09.25,62.44,
2012.09.26,52.59,
2012.09.27,46.28,
2012.09.28,49.45,
2012.09.29,40.21,
2012.09.30,27.03,
2012.10.01,52.21,
2012.10.02,52.70,
2012.10.03,71.33,
2012.10.04,48.91,
2012.10.05,41.23,
2012.10.06,39.99,
2012.10.07,31.99,
2012.10.08,49.18,
2012.10.09,50.19,
2012.10.10,51.77,
2012.10.11,53.51,
2012.10.12,46.54,
2012.10.13,44.16,
2012.10.14,34.11,
2012.10.15,47.63,
2012.10.16,41.72,
2012.10.17,44.56,
2012.10.18,42.39,
2012.10.19,41.21,
2012.10.20,38.52,
2012.10.21,33.24,
2012.10.22,47.66,
2012.10.23,52.97,
2012.10.24,55.02,
2012.10.25,48.81,
2012.10.26,52.40,
2012.10.27,40.98,
2012.10.28,34.17,
2012.10.29,47.70,
2012.10.30,57.96,
2012.10.31,50.17,
2012.11.01,33.04,
2012.11.02,33.56,
2012.11.03,34.47,
2012.11.04,30.95,
2012.11.05,45.77,
2012.11.06,43.58,
2012.11.07,42.78,
2012.11.08,40.48,
2012.11.09,50.93,
2012.11.10,43.87,
2012.11.11,34.71,
2012.11.12,50.66,
2012.11.13,54.99,
2012.11.14,52.20,
2012.11.15,52.63,
2012.11.16,52.94,
2012.11.17,42.83,
2012.11.18,39.90,
2012.11.19,52.01,
2012.11.20,54.26,
2012.11.21,51.86,
2012.11.22,49.91,
2012.11.23,54.14,
2012.11.24,52.20,
2012.11.25,38.75,
2012.11.26,45.18,
2012.11.27,52.69,
2012.11.28,54.74,
2012.11.29,48.53,
2012.11.30,56.09,
2012.12.01,42.71,
2012.12.02,39.08,
2012.12.03,54.58,
2012.12.04,49.45,
2012.12.05,53.64,
2012.12.06,54.57,
2012.12.07,53.78,
2012.12.08,47.99,
2012.12.09,32.64,
2012.12.10,52.61,
2012.12.11,61.78,
2012.12.12,69.34,
2012.12.13,67.85,
2012.12.14,51.21,
2012.12.15,39.28,
2012.12.16,36.28,
2012.12.17,50.87,
2012.12.18,53.38,
2012.12.19,53.28,
2012.12.20,45.27,
2012.12.21,42.07,
2012.12.22,54.41,
2012.12.23,27.70,
2012.12.24,15.61,
2012.12.25,5.26,
2012.12.26,6.71,
2012.12.27,34.89,
2012.12.28,29.65,
2012.12.29,36.30,
2012.12.30,45.12,
2012.12.31,32.25,
2013.01.01,8.61,
2013.01.02,35.73,
2013.01.03,46.00,
2013.01.04,37.78,
2013.01.05,37.35,
2013.01.06,32.22,
2013.01.07,44.96,
2013.01.08,50.67,
2013.01.09,51.60,
2013.01.10,50.76,
2013.01.11,52.97,
2013.01.12,50.17,
2013.01.13,38.99,
2013.01.14,55.08,
2013.01.15,53.90,
2013.01.16,54.49,
2013.01.17,54.89,
2013.01.18,50.16,
2013.01.19,37.98,
2013.01.20,30.27,
2013.01.21,42.95,
2013.01.22,51.20,
2013.01.23,49.74,
2013.01.24,58.71,
2013.01.25,54.22,
2013.01.26,37.91,
2013.01.27,33.09,
2013.01.28,43.00,
2013.01.29,48.67,
2013.01.30,30.51,
2013.01.31,51.62,
2013.02.01,36.27,
2013.02.02,41.70,
2013.02.03,56.02,
2013.02.04,48.43,
2013.02.05,32.95,
2013.02.06,43.60,
2013.02.07,48.90,
2013.02.08,47.24,
2013.02.09,41.71,
2013.02.10,34.44,
2013.02.11,36.88,
2013.02.12,47.09,
2013.02.13,50.09,
2013.02.14,46.75,
2013.02.15,48.18,
2013.02.16,39.62,
2013.02.17,36.92,
2013.02.18,48.37,
2013.02.19,48.23,
2013.02.20,49.37,
2013.02.21,50.21,
2013.02.22,48.60,
2013.02.23,42.11,
2013.02.24,33.40,
2013.02.25,46.22,
2013.02.26,50.31,
2013.02.27,55.78,
2013.02.28,44.19,
2013.03.01,47.16,
2013.03.02,38.92,
2013.03.03,33.76,
2013.03.04,46.58,
2013.03.05,43.61,
2013.03.06,44.92,
2013.03.07,39.22,
2013.03.08,36.69,
2013.03.09,31.56,
2013.03.10,19.66,
2013.03.11,32.70,
2013.03.12,45.73,
2013.03.13,46.27,
2013.03.14,38.81,
2013.03.15,39.84,
2013.03.16,30.15,
2013.03.17,12.32,
2013.03.18,40.19,
2013.03.19,43.09,
2013.03.20,47.47,
2013.03.21,47.55,
2013.03.22,37.62,
2013.03.23,21.78,
2013.03.24,13.03,
2013.03.25,36.39,
2013.03.26,42.61,
2013.03.27,41.52,
2013.03.28,50.53,
2013.03.29,37.84,
2013.03.30,38.03,
2013.03.31,27.86,
2013.04.01,24.57,
2013.04.02,49.30,
2013.04.03,44.57,
2013.04.04,43.27,
2013.04.05,49.98,
2013.04.06,43.66,
2013.04.07,30.68,
2013.04.08,56.18,
2013.04.09,53.75,
2013.04.10,53.51,
2013.04.11,55.51,
2013.04.12,47.04,
2013.04.13,28.08,
2013.04.14,17.81,
2013.04.15,35.65,
2013.04.16,43.89,
2013.04.17,42.36,
2013.04.18,26.55,
2013.04.19,33.63,
2013.04.20,26.55,
2013.04.21,16.83,
2013.04.22,36.32,
2013.04.23,31.94,
2013.04.24,33.86,
2013.04.25,32.86,
2013.04.26,30.22,
2013.04.27,29.29,
2013.04.28,20.78,
2013.04.29,32.19,
2013.04.30,34.84,
2013.05.01,13.48,
2013.05.02,29.55,
2013.05.03,33.44,
2013.05.04,25.96,
2013.05.05,14.08,
2013.05.06,36.32,
2013.05.07,36.83,
2013.05.08,24.40,
2013.05.09,20.46,
2013.05.10,29.22,
2013.05.11,24.68,
2013.05.12,11.94,
2013.05.13,30.82,
2013.05.14,35.68,
2013.05.15,30.55,
2013.05.16,33.12,
2013.05.17,34.44,
2013.05.18,21.96,
2013.05.19,8.41,
2013.05.20,19.62,
2013.05.21,38.23,
2013.05.22,34.66,
2013.05.23,40.93,
2013.05.24,39.52,
2013.05.25,29.30,
2013.05.26,23.14,
2013.05.27,31.45,
2013.05.28,38.22,
2013.05.29,34.78,
2013.05.30,34.54,
2013.05.31,32.19,
2013.06.01,27.07,
2013.06.02,7.61,
2013.06.03,31.43,
2013.06.04,28.40,
2013.06.05,38.30,
2013.06.06,35.35,
2013.06.07,32.00,
2013.06.08,33.88,
2013.06.09,26.54,
2013.06.10,35.53,
2013.06.11,28.45,
2013.06.12,31.06,
2013.06.13,28.27,
2013.06.14,28.14,
2013.06.15,22.40,
2013.06.16,38.62,
2013.06.17,41.60,
2013.06.18,36.99,
2013.06.19,70.28,
2013.06.20,42.43,
2013.06.21,72.65,
2013.06.22,28.02,
2013.06.23,9.56,
2013.06.24,38.70,
2013.06.25,33.46,
2013.06.26,52.24,
2013.06.27,44.28,
2013.06.28,37.02,
2013.06.29,25.34,
2013.06.30,11.74,
2013.07.01,36.39,
2013.07.02,37.60,
2013.07.03,41.12,
2013.07.04,42.34,
2013.07.05,46.77,
2013.07.06,52.32,
2013.07.07,33.79,
2013.07.08,41.35,
2013.07.09,47.13,
2013.07.10,38.38,
2013.07.11,47.42,
2013.07.12,35.20,
2013.07.13,34.85,
2013.07.14,20.63,
2013.07.15,36.18,
2013.07.16,39.53,
2013.07.17,46.46,
2013.07.18,46.12,
2013.07.19,45.39,
2013.07.20,38.62,
2013.07.21,67.32,
2013.07.22,45.11,
2013.07.23,46.82,
2013.07.24,50.00,
2013.07.25,54.64,
2013.07.26,47.82,
2013.07.27,73.19,
2013.07.28,40.59,
2013.07.29,50.72,
2013.07.30,62.72,
2013.07.31,38.82,
2013.08.01,37.60,
2013.08.02,49.31,
2013.08.03,56.44,
2013.08.04,26.46,
2013.08.05,50.13,
2013.08.06,55.30,
2013.08.07,70.91,
2013.08.08,51.47,
2013.08.09,53.97,
2013.08.10,40.49,
2013.08.11,35.81,
2013.08.12,62.68,
2013.08.13,36.29,
2013.08.14,38.07,
2013.08.15,32.34,
2013.08.16,41.36,
2013.08.17,36.19,
2013.08.18,66.48,
2013.08.19,50.14,
2013.08.20,47.62,
2013.08.21,48.67,
2013.08.22,51.79,
2013.08.23,52.02,
2013.08.24,48.24,
2013.08.25,43.76,
2013.08.26,47.65,
2013.08.27,50.79,
2013.08.28,51.43,
2013.08.29,52.00,
2013.08.30,49.20,
2013.08.31,35.53,
2013.09.01,39.56,
2013.09.02,57.04,
2013.09.03,49.47,
2013.09.04,51.05,
2013.09.05,47.59,
2013.09.06,46.71,
2013.09.07,51.24,
2013.09.08,40.07,
2013.09.09,51.51,
2013.09.10,52.11,
2013.09.11,48.33,
2013.09.12,49.88,
2013.09.13,47.73,
2013.09.14,35.42,
2013.09.15,41.01,
2013.09.16,42.64,
2013.09.17,41.62,
2013.09.18,48.62,
2013.09.19,46.96,
2013.09.20,50.30,
2013.09.21,39.28,
2013.09.22,27.71,
2013.09.23,43.67,
2013.09.24,47.41,
2013.09.25,53.37,
2013.09.26,54.06,
2013.09.27,52.31,
2013.09.28,53.91,
2013.09.29,46.03,
2013.09.30,40.10,
2013.10.01,68.52,
2013.10.02,49.24,
2013.10.03,61.26,
2013.10.04,57.05,
2013.10.05,42.10,
2013.10.06,35.81,
2013.10.07,55.06,
2013.10.08,55.78,
2013.10.09,66.07,
2013.10.10,56.66,
2013.10.11,44.99,
2013.10.12,50.10,
2013.10.13,32.55,
2013.10.14,51.23,
2013.10.15,55.57,
2013.10.16,54.07,
2013.10.17,47.99,
2013.10.18,40.61,
2013.10.19,52.51,
2013.10.20,33.83,
2013.10.21,60.98,
2013.10.22,52.86,
2013.10.23,37.68,
2013.10.24,44.26,
2013.10.25,56.74,
2013.10.26,46.72,
2013.10.27,78.44,
2013.10.28,35.90,
2013.10.29,58.20,
2013.10.30,43.99,
2013.10.31,35.75,
2013.11.01,26.24,
2013.11.02,32.30,
2013.11.03,33.05,
2013.11.04,33.03,
2013.11.05,35.17,
2013.11.06,40.19,
2013.11.07,42.94,
2013.11.08,46.07,
2013.11.09,31.49,
2013.11.10,38.73,
2013.11.11,36.22,
2013.11.12,45.83,
2013.11.13,51.19,
2013.11.14,48.15,
2013.11.15,50.27,
2013.11.16,46.80,
2013.11.17,37.83,
2013.11.18,45.43,
2013.11.19,49.36,
2013.11.20,51.10,
2013.11.21,48.58,
2013.11.22,45.67,
2013.11.23,37.18,
2013.11.24,25.65,
2013.11.25,39.19,
2013.11.26,52.89,
2013.11.27,43.72,
2013.11.28,39.79,
2013.11.29,42.21,
2013.11.30,37.54,
2013.12.01,63.12,
2013.12.02,52.62,
2013.12.03,58.27,
2013.12.04,48.39,
2013.12.05,49.97,
2013.12.06,71.16,
2013.12.07,34.06,
2013.12.08,30.40,
2013.12.09,48.17,
2013.12.10,61.33,
2013.12.11,64.06,
2013.12.12,65.34,
2013.12.13,60.79,
2013.12.14,55.25,
2013.12.15,45.94,
2013.12.16,57.45,
2013.12.17,68.61,
2013.12.18,53.62,
2013.12.19,61.65,
2013.12.20,61.26,
2013.12.21,54.59,
2013.12.22,62.50,
2013.12.23,81.57,
2013.12.24,18.52,
2013.12.25,26.94,
2013.12.26,25.82,
2013.12.27,34.85,
2013.12.28,54.91,
2013.12.29,53.64,
2013.12.30,30.91,
2013.12.31,50.59,
2014.01.01,20.14,
2014.01.02,68.80,
2014.01.03,46.34,
2014.01.04,23.70,
2014.01.05,24.19,
2014.01.06,44.36,
2014.01.07,60.07,
2014.01.08,48.71,
2014.01.09,50.81,
2014.01.10,49.68,
2014.01.11,40.94,
2014.01.12,23.56,
2014.01.13,47.11,
2014.01.14,52.55,
2014.01.15,47.16,
2014.01.16,52.05,
2014.01.17,38.46,
2014.01.18,33.50,
2014.01.19,21.97,
2014.01.20,42.14,
2014.01.21,50.78,
2014.01.22,51.05,
2014.01.23,47.34,
2014.01.24,49.35,
2014.01.25,34.07,
2014.01.26,27.40,
2014.01.27,41.68,
2014.01.28,53.99,
2014.01.29,41.50,
2014.01.30,46.05,
2014.01.31,44.84,
2014.02.01,29.07,
2014.02.02,30.08,
2014.02.03,45.87,
2014.02.04,43.99,
2014.02.05,42.67,
2014.02.06,37.77,
2014.02.07,33.04,
2014.02.08,49.25,
2014.02.09,24.55,
2014.02.10,38.57,
2014.02.11,36.96,
2014.02.12,36.54,
2014.02.13,32.99,
2014.02.14,34.07,
2014.02.15,20.76,
2014.02.16,18.10,
2014.02.17,40.14,
2014.02.18,39.82,
2014.02.19,41.74,
2014.02.20,39.51,
2014.02.21,34.86,
2014.02.22,28.27,
2014.02.23,20.96,
2014.02.24,31.38,
2014.02.25,34.69,
2014.02.26,38.57,
2014.02.27,39.45,
2014.02.28,39.25,
2014.03.01,34.36,
2014.03.02,29.27,
2014.03.03,40.37,
2014.03.04,46.49,
2014.03.05,45.96,
2014.03.06,40.53,
2014.03.07,37.51,
2014.03.08,25.47,
2014.03.09,15.47,
2014.03.10,34.52,
2014.03.11,34.69,
2014.03.12,36.93,
2014.03.13,40.82,
2014.03.14,34.75,
2014.03.15,26.33,
2014.03.16,7.55,
2014.03.17,26.70,
2014.03.18,33.02,
2014.03.19,24.79,
2014.03.20,27.53,
2014.03.21,26.77,
2014.03.22,30.53,
2014.03.23,27.65,
2014.03.24,40.73,
2014.03.25,37.56,
2014.03.26,44.29,
2014.03.27,38.03,
2014.03.28,33.84,
2014.03.29,32.43,
2014.03.30,28.86,
2014.03.31,46.45,
2014.04.01,46.38,
2014.04.02,41.15,
2014.04.03,38.61,
2014.04.04,42.53,
2014.04.05,35.01,
2014.04.06,33.48,
2014.04.07,43.27,
2014.04.08,45.62,
2014.04.09,43.42,
2014.04.10,42.22,
2014.04.11,45.88,
2014.04.12,55.75,
2014.04.13,39.05,
2014.04.14,56.03,
2014.04.15,38.75,
2014.04.16,50.57,
2014.04.17,45.79,
2014.04.18,49.32,
2014.04.19,39.30,
2014.04.20,13.77,
2014.04.21,19.88,
2014.04.22,55.37,
2014.04.23,38.78,
2014.04.24,49.43,
2014.04.25,35.32,
2014.04.26,40.63,
2014.04.27,27.28,
2014.04.28,54.87,
2014.04.29,41.01,
2014.04.30,38.34,
2014.05.01,23.00,
2014.05.02,28.76,
2014.05.03,37.05,
2014.05.04,18.71,
2014.05.05,38.60,
2014.05.06,36.50,
2014.05.07,37.12,
2014.05.08,30.54,
2014.05.09,35.34,
2014.05.10,33.19,
2014.05.11,35.30,
2014.05.12,34.45,
2014.05.13,37.71,
2014.05.14,34.70,
2014.05.15,38.09,
2014.05.16,33.91,
2014.05.17,31.85,
2014.05.18,25.38,
2014.05.19,51.96,
2014.05.20,43.16,
2014.05.21,42.47,
2014.05.22,36.49,
2014.05.23,41.08,
2014.05.24,55.76,
2014.05.25,26.19,
2014.05.26,41.65,
2014.05.27,50.34,
2014.05.28,46.83,
2014.05.29,38.41,
2014.05.30,36.61,
2014.05.31,33.55,
2014.06.01,21.79,
2014.06.02,36.83,
2014.06.03,42.23,
2014.06.04,42.68,
2014.06.05,35.43,
2014.06.06,34.14,
2014.06.07,43.36,
2014.06.08,21.29,
2014.06.09,24.41,
2014.06.10,47.62,
2014.06.11,46.58,
2014.06.12,58.34,
2014.06.13,45.19,
2014.06.14,33.31,
2014.06.15,45.38,
2014.06.16,47.66,
2014.06.17,47.70,
2014.06.18,45.59,
2014.06.19,33.29,
2014.06.20,41.23,
2014.06.21,26.63,
2014.06.22,35.18,
2014.06.23,50.05,
2014.06.24,43.14,
2014.06.25,45.26,
2014.06.26,43.32,
2014.06.27,44.14,
2014.06.28,44.02,
2014.06.29,29.42,
2014.06.30,37.56,
2014.07.01,36.35,
2014.07.02,38.80,
2014.07.03,39.14,
2014.07.04,37.92,
2014.07.05,33.71,
2014.07.06,31.70,
2014.07.07,45.90,
2014.07.08,44.39,
2014.07.09,47.96,
2014.07.10,34.38,
2014.07.11,34.51,
2014.07.12,34.11,
2014.07.13,38.34,
2014.07.14,44.58,
2014.07.15,36.16,
2014.07.16,38.94,
2014.07.17,42.56,
2014.07.18,41.92,
2014.07.19,40.95,
2014.07.20,30.05,
2014.07.21,41.33,
2014.07.22,44.25,
2014.07.23,41.35,
2014.07.24,42.63,
2014.07.25,42.61,
2014.07.26,41.41,
2014.07.27,29.66,
2014.07.28,40.83,
2014.07.29,43.48,
2014.07.30,39.44,
2014.07.31,39.32,
2014.08.01,40.95,
2014.08.02,29.99,
2014.08.03,24.40,
2014.08.04,37.57,
2014.08.05,40.18,
2014.08.06,35.22,
2014.08.07,37.75,
2014.08.08,34.38,
2014.08.09,40.85,
2014.08.10,28.69,
2014.08.11,49.54,
2014.08.12,43.09,
2014.08.13,39.62,
2014.08.14,41.45,
2014.08.15,29.85,
2014.08.16,24.03,
2014.08.17,20.55,
2014.08.18,36.46,
2014.08.19,41.17,
2014.08.20,33.64,
2014.08.21,39.46,
2014.08.22,33.41,
2014.08.23,31.46,
2014.08.24,15.04,
2014.08.25,36.15,
2014.08.26,39.48,
2014.08.27,38.46,
2014.08.28,48.88,
2014.08.29,42.69,
2014.08.30,47.14,
2014.08.31,34.16,
2014.09.01,47.56,
2014.09.02,40.54,
2014.09.03,44.04,
2014.09.04,50.29,
2014.09.05,40.43,
2014.09.06,30.70,
2014.09.07,29.69,
2014.09.08,44.23,
2014.09.09,53.37,
2014.09.10,58.48,
2014.09.11,45.64,
2014.09.12,42.11,
2014.09.13,34.56,
2014.09.14,25.05,
2014.09.15,40.26,
2014.09.16,41.30,
2014.09.17,44.48,
2014.09.18,38.26,
2014.09.19,43.36,
2014.09.20,36.75,
2014.09.21,26.63,
2014.09.22,34.22,
2014.09.23,42.34,
2014.09.24,43.32,
2014.09.25,43.87,
2014.09.26,39.02,
2014.09.27,37.92,
2014.09.28,28.54,
2014.09.29,43.45,
2014.09.30,46.27,
2014.10.01,50.61,
2014.10.02,49.62,
2014.10.03,47.86,
2014.10.04,34.46,
2014.10.05,30.99,
2014.10.06,61.90,
2014.10.07,79.18,
2014.10.08,44.05,
2014.10.09,55.60,
2014.10.10,68.29,
2014.10.11,56.53,
2014.10.12,62.48,
2014.10.13,56.90,
2014.10.14,50.12,
2014.10.15,49.41,
2014.10.16,50.33,
2014.10.17,57.24,
2014.10.18,65.69,
2014.10.19,34.63,
2014.10.20,65.17,
2014.10.21,67.63,
2014.10.22,47.70,
2014.10.23,44.54,
2014.10.24,47.27,
2014.10.25,41.43,
2014.10.26,34.68,
2014.10.27,52.71,
2014.10.28,56.26,
2014.10.29,61.51,
2014.10.30,55.75,
2014.10.31,62.41,
2014.11.01,36.04,
2014.11.02,72.76,
2014.11.03,72.01,
2014.11.04,63.80,
2014.11.05,44.80,
2014.11.06,67.38,
2014.11.07,51.51,
2014.11.08,45.04,
2014.11.09,25.52,
2014.11.10,49.28,
2014.11.11,45.67,
2014.11.12,41.87,
2014.11.13,45.66,
2014.11.14,45.20,
2014.11.15,29.99,
2014.11.16,30.58,
2014.11.17,41.79,
2014.11.18,45.86,
2014.11.19,48.70,
2014.11.20,46.98,
2014.11.21,44.20,
2014.11.22,41.68,
2014.11.23,31.30,
2014.11.24,41.70,
2014.11.25,47.53,
2014.11.26,49.85,
2014.11.27,51.83,
2014.11.28,49.70,
2014.11.29,44.05,
2014.11.30,34.11,
2014.12.01,41.18,
2014.12.02,52.60,
2014.12.03,55.18,
2014.12.04,55.68,
2014.12.05,53.58,
2014.12.06,42.18,
2014.12.07,32.95,
2014.12.08,45.38,
2014.12.09,50.61,
2014.12.10,44.96,
2014.12.11,47.32,
2014.12.12,44.95,
2014.12.13,42.87,
2014.12.14,40.95,
2014.12.15,47.55,
2014.12.16,50.38,
2014.12.17,50.79,
2014.12.18,49.99,
2014.12.19,35.28,
2014.12.20,38.02,
2014.12.21,28.33,
2014.12.22,32.61,
2014.12.23,28.87,
2014.12.24,30.36,
2014.12.25,24.72,
2014.12.26,32.45,
2014.12.27,39.27,
2014.12.28,38.93,
2014.12.29,39.45,
2014.12.30,41.66,
2014.12.31,32.47,
2015.01.01,33.09,
2015.01.02,43.78,
2015.01.03,38.32,
2015.01.04,40.36,
2015.01.05,44.70,
2015.01.06,43.41,
2015.01.07,47.53,
2015.01.08,59.02,
2015.01.09,44.39,
2015.01.10,43.89,
2015.01.11,34.28,
2015.01.12,38.93,
2015.01.13,47.69,
2015.01.14,48.69,
2015.01.15,46.33,
2015.01.16,43.40,
2015.01.17,33.97,
2015.01.18,31.67,
2015.01.19,48.51,
2015.01.20,45.84,
2015.01.21,45.38,
2015.01.22,44.57,
2015.01.23,43.99,
2015.01.24,32.22,
2015.01.25,30.08,
2015.01.26,42.34,
2015.01.27,47.67,
2015.01.28,42.90,
2015.01.29,46.17,
2015.01.30,41.43,
2015.01.31,33.26,
2015.02.01,37.36,
2015.02.02,41.89,
2015.02.03,45.98,
2015.02.04,48.69,
2015.02.05,45.26,
2015.02.06,39.63,
2015.02.07,41.43,
2015.02.08,19.47,
2015.02.09,33.02,
2015.02.10,43.64,
2015.02.11,47.13,
2015.02.12,46.39,
2015.02.13,42.74,
2015.02.14,44.86,
2015.02.15,41.53,
2015.02.16,44.66,
2015.02.17,44.13,
2015.02.18,45.26,
2015.02.19,44.02,
2015.02.20,45.60,
2015.02.21,36.96,
2015.02.22,30.80,
2015.02.23,35.65,
2015.02.24,39.07,
2015.02.25,43.15,
2015.02.26,45.33,
2015.02.27,42.72,
2015.02.28,38.88,
2015.03.01,40.62,
2015.03.02,41.75,
2015.03.03,41.79,
2015.03.04,42.91,
2015.03.05,40.05,
2015.03.06,38.76,
2015.03.07,28.78,
2015.03.08,19.68,
2015.03.09,39.30,
2015.03.10,42.15,
2015.03.11,42.52,
2015.03.12,41.69,
2015.03.13,37.85,
2015.03.14,33.96,
2015.03.15,22.57,
2015.03.16,35.02,
2015.03.17,36.61,
2015.03.18,35.73,
2015.03.19,41.85,
2015.03.20,36.60,
2015.03.21,33.26,
2015.03.22,27.61,
2015.03.23,45.64,
2015.03.24,42.82,
2015.03.25,39.67,
2015.03.26,40.57,
2015.03.27,34.58,
2015.03.28,29.78,
2015.03.29,16.33,
2015.03.30,25.32,
2015.03.31,29.65,
2015.04.01,38.90,
2015.04.02,36.85,
2015.04.03,33.91,
2015.04.04,33.93,
2015.04.05,23.42,
2015.04.06,23.51,
2015.04.07,45.63,
2015.04.08,41.50,
2015.04.09,43.35,
2015.04.10,39.16,
2015.04.11,34.24,
2015.04.12,20.65,
2015.04.13,27.72,
2015.04.14,43.89,
2015.04.15,32.02,
2015.04.16,35.89,
2015.04.17,38.51,
2015.04.18,27.77,
2015.04.19,20.46,
2015.04.20,34.86,
2015.04.21,39.09,
2015.04.22,37.58,
2015.04.23,37.62,
2015.04.24,38.19,
2015.04.25,29.20,
2015.04.26,23.49,
2015.04.27,34.17,
2015.04.28,37.93,
2015.04.29,35.21,
2015.04.30,33.89,
2015.05.01,24.23,
2015.05.02,26.79,
2015.05.03,19.02,
2015.05.04,33.08,
2015.05.05,33.95,
2015.05.06,31.80,
2015.05.07,32.10,
2015.05.08,32.61,
2015.05.09,32.58,
2015.05.10,17.87,
2015.05.11,31.01,
2015.05.12,31.84,
2015.05.13,32.20,
2015.05.14,33.05,
2015.05.15,33.29,
2015.05.16,29.31,
2015.05.17,13.74,
2015.05.18,31.44,
2015.05.19,29.73,
2015.05.20,36.21,
2015.05.21,34.28,
2015.05.22,33.49,
2015.05.23,25.95,
2015.05.24,21.14,
2015.05.25,21.74,
2015.05.26,37.32,
2015.05.27,35.04,
2015.05.28,30.32,
2015.05.29,31.43,
2015.05.30,34.36,
2015.05.31,28.13,
2015.06.01,39.27,
2015.06.02,41.87,
2015.06.03,40.42,
2015.06.04,34.68,
2015.06.05,34.02,
2015.06.06,26.00,
2015.06.07,20.60,
2015.06.08,35.00,
2015.06.09,35.16,
2015.06.10,40.76,
2015.06.11,35.36,
2015.06.12,37.32,
2015.06.13,28.49,
2015.06.14,18.70,
2015.06.15,42.01,
2015.06.16,40.66,
2015.06.17,35.38,
2015.06.18,34.58,
2015.06.19,33.79,
2015.06.20,30.73,
2015.06.21,24.30,
2015.06.22,35.98,
2015.06.23,37.94,
2015.06.24,34.20,
2015.06.25,35.96,
2015.06.26,36.25,
2015.06.27,28.75,
2015.06.28,22.90,
2015.06.29,37.22,
2015.06.30,39.25,
2015.07.01,36.41,
2015.07.02,39.80,
2015.07.03,46.62,
2015.07.04,40.62,
2015.07.05,31.27,
2015.07.06,49.51,
2015.07.07,61.20,
2015.07.08,59.10,
2015.07.09,46.57,
2015.07.10,65.76,
2015.07.11,44.67,
2015.07.12,38.07,
2015.07.13,50.45,
2015.07.14,55.45,
2015.07.15,48.36,
2015.07.16,56.39,
2015.07.17,60.06,
2015.07.18,66.98,
2015.07.19,53.52,
2015.07.20,58.90,
2015.07.21,69.25,
2015.07.22,84.08,
2015.07.23,90.45,
2015.07.24,70.36,
2015.07.25,45.01,
2015.07.26,39.00,
2015.07.27,43.10,
2015.07.28,56.49,
2015.07.29,42.96,
2015.07.30,33.91,
2015.07.31,38.44,
2015.08.01,37.79,
2015.08.02,28.19,
2015.08.03,38.28,
2015.08.04,41.12,
2015.08.05,42.71,
2015.08.06,44.47,
2015.08.07,47.26,
2015.08.08,40.35,
2015.08.09,34.14,
2015.08.10,49.81,
2015.08.11,46.82,
2015.08.12,48.55,
2015.08.13,47.30,
2015.08.14,48.30,
2015.08.15,44.56,
2015.08.16,37.04,
2015.08.17,46.34,
2015.08.18,44.89,
2015.08.19,42.80,
2015.08.20,38.26,
2015.08.21,33.62,
2015.08.22,32.38,
2015.08.23,28.74,
2015.08.24,39.70,
2015.08.25,49.89,
2015.08.26,53.41,
2015.08.27,45.66,
2015.08.28,47.03,
2015.08.29,44.18,
2015.08.30,37.41,
2015.08.31,56.14,
2015.09.01,85.43,
2015.09.02,65.07,
2015.09.03,53.38,
2015.09.04,54.44,
2015.09.05,56.86,
2015.09.06,36.45,
2015.09.07,51.16,
2015.09.08,49.96,
2015.09.09,51.57,
2015.09.10,48.61,
2015.09.11,50.44,
2015.09.12,47.40,
2015.09.13,40.63,
2015.09.14,45.22,
2015.09.15,51.27,
2015.09.16,49.32,
2015.09.17,46.64,
2015.09.18,51.94,
2015.09.19,43.82,
2015.09.20,37.19,
2015.09.21,42.11,
2015.09.22,42.08,
2015.09.23,48.06,
2015.09.24,43.96,
2015.09.25,41.21,
2015.09.26,40.38,
2015.09.27,31.76,
2015.09.28,34.43,
2015.09.29,44.26,
2015.09.30,43.20,
2015.10.01,44.82,
2015.10.02,44.20,
2015.10.03,39.20,
2015.10.04,36.05,
2015.10.05,45.49,
2015.10.06,49.81,
2015.10.07,46.66,
2015.10.08,46.61,
2015.10.09,48.09,
2015.10.10,40.52,
2015.10.11,26.57,
2015.10.12,79.60,
2015.10.13,48.05,
2015.10.14,49.63,
2015.10.15,48.00,
2015.10.16,49.33,
2015.10.17,39.35,
2015.10.18,34.64,
2015.10.19,47.95,
2015.10.20,48.67,
2015.10.21,43.49,
2015.10.22,39.96,
2015.10.23,37.62,
2015.10.24,37.15,
2015.10.25,35.39,
2015.10.26,44.85,
2015.10.27,42.56,
2015.10.28,45.52,
2015.10.29,48.86,
2015.10.30,45.77,
2015.10.31,33.42,
2015.11.01,33.30,
2015.11.02,44.03,
2015.11.03,43.91,
2015.11.04,44.11,
2015.11.05,46.16,
2015.11.06,50.28,
2015.11.07,46.84,
2015.11.08,35.63,
2015.11.09,40.19,
2015.11.10,47.92,
2015.11.11,47.21,
2015.11.12,45.09,
2015.11.13,44.95,
2015.11.14,41.03,
2015.11.15,39.98,
2015.11.16,36.09,
2015.11.17,46.81,
2015.11.18,47.02,
2015.11.19,42.70,
2015.11.20,38.58,
2015.11.21,35.24,
2015.11.22,28.15,
2015.11.23,44.22,
2015.11.24,39.44,
2015.11.25,44.89,
2015.11.26,47.40,
2015.11.27,39.07,
2015.11.28,38.71,
2015.11.29,30.34,
2015.11.30,36.15,
2015.12.01,41.95,
2015.12.02,43.54,
2015.12.03,44.75,
2015.12.04,50.10,
2015.12.05,42.90,
2015.12.06,37.69,
2015.12.07,43.84,
2015.12.08,40.13,
2015.12.09,43.27,
2015.12.10,46.68,
2015.12.11,48.89,
2015.12.12,42.86,
2015.12.13,41.18,
2015.12.14,46.56,
2015.12.15,52.87,
2015.12.16,51.01,
2015.12.17,46.47,
2015.12.18,44.36,
2015.12.19,46.40,
2015.12.20,41.88,
2015.12.21,45.68,
2015.12.22,49.43,
2015.12.23,49.14,
2015.12.24,37.48,
2015.12.25,32.75,
2015.12.26,25.50,
2015.12.27,29.61,
2015.12.28,39.16,
2015.12.29,39.85,
2015.12.30,35.19,
2015.12.31,29.27,
2016.01.01,36.47,
2016.01.02,39.16,
2016.01.03,39.56,
2016.01.04,46.00,
2016.01.05,49.86,
2016.01.06,43.82,
2016.01.07,47.92,
2016.01.08,47.43,
2016.01.09,42.08,
2016.01.10,37.71,
2016.01.11,39.83,
2016.01.12,43.19,
2016.01.13,37.66,
2016.01.14,38.28,
2016.01.15,41.47,
2016.01.16,34.81,
2016.01.17,27.13,
2016.01.18,41.44,
2016.01.19,44.43,
2016.01.20,51.74,
2016.01.21,61.22,
2016.01.22,44.66,
2016.01.23,43.85,
2016.01.24,42.69,
2016.01.25,51.46,
2016.01.26,46.76,
2016.01.27,49.03,
2016.01.28,46.07,
2016.01.29,46.36,
2016.01.30,43.60,
2016.01.31,30.47,
2016.02.01,36.22,
2016.02.02,41.26,
2016.02.03,38.75,
2016.02.04,32.18,
2016.02.05,34.98,
2016.02.06,29.80,
2016.02.07,16.69,
2016.02.08,26.87,
2016.02.09,30.67,
2016.02.10,25.27,
2016.02.11,26.52,
2016.02.12,33.03,
2016.02.13,23.15,
2016.02.14,13.69,
2016.02.15,25.00,
2016.02.16,29.84,
2016.02.17,25.02,
2016.02.18,25.51,
2016.02.19,28.24,
2016.02.20,21.26,
2016.02.21,11.67,
2016.02.22,18.52,
2016.02.23,24.23,
2016.02.24,25.66,
2016.02.25,29.40,
2016.02.26,28.18,
2016.02.27,24.23,
2016.02.28,16.80,
2016.02.29,23.46,
2016.03.01,23.59,
2016.03.02,23.81,
2016.03.03,28.33,
2016.03.04,26.27,
2016.03.05,22.14,
2016.03.06,16.89,
2016.03.07,28.66,
2016.03.08,28.55,
2016.03.09,25.23,
2016.03.10,26.56,
2016.03.11,26.87,
2016.03.12,25.75,
2016.03.13,20.92,
2016.03.14,26.42,
2016.03.15,33.50,
2016.03.16,35.40,
2016.03.17,35.31,
2016.03.18,27.80,
2016.03.19,24.80,
2016.03.20,16.68,
2016.03.21,30.26,
2016.03.22,33.41,
2016.03.23,29.17,
2016.03.24,28.41,
2016.03.25,26.06,
2016.03.26,23.10,
2016.03.27,10.74,
2016.03.28,9.07,
2016.03.29,28.07,
2016.03.30,29.23,
2016.03.31,29.29,
2016.04.01,27.69,
2016.04.02,22.99,
2016.04.03,18.59,
2016.04.04,28.34,
2016.04.05,32.18,
2016.04.06,28.38,
2016.04.07,27.10,
2016.04.08,28.59,
2016.04.09,26.16,
2016.04.10,23.45,
2016.04.11,28.70,
2016.04.12,31.91,
2016.04.13,32.50,
2016.04.14,29.25,
2016.04.15,25.87,
2016.04.16,22.28,
2016.04.17,23.56,
2016.04.18,34.41,
2016.04.19,29.89,
2016.04.20,26.37,
2016.04.21,29.37,
2016.04.22,26.95,
2016.04.23,27.36,
2016.04.24,21.80,
2016.04.25,39.53,
2016.04.26,38.58,
2016.04.27,36.44,
2016.04.28,40.67,
2016.04.29,35.03,
2016.04.30,31.55,
2016.05.01,16.94,
2016.05.02,27.50,
2016.05.03,27.35,
2016.05.04,29.38,
2016.05.05,25.88,
2016.05.06,31.38,
2016.05.07,31.54,
2016.05.08,19.33,
2016.05.09,31.58,
2016.05.10,35.14,
2016.05.11,32.48,
2016.05.12,29.91,
2016.05.13,27.29,
2016.05.14,15.66,
2016.05.15,6.25,
2016.05.16,28.87,
2016.05.17,31.29,
2016.05.18,32.21,
2016.05.19,31.68,
2016.05.20,29.48,
2016.05.21,25.48,
2016.05.22,12.45,
2016.05.23,30.52,
2016.05.24,31.40,
2016.05.25,31.86,
2016.05.26,29.01,
2016.05.27,30.60,
2016.05.28,24.64,
2016.05.29,17.97,
2016.05.30,33.66,
2016.05.31,33.31,
2016.06.01,35.34,
2016.06.02,34.06,
2016.06.03,34.15,
2016.06.04,25.37,
2016.06.05,20.72,
2016.06.06,34.15,
2016.06.07,33.64,
2016.06.08,38.55,
2016.06.09,39.79,
2016.06.10,30.71,
2016.06.11,30.31,
2016.06.12,24.73,
2016.06.13,33.05,
2016.06.14,33.22,
2016.06.15,34.52,
2016.06.16,31.33,
2016.06.17,30.16,
2016.06.18,24.16,
2016.06.19,20.80,
2016.06.20,45.05,
2016.06.21,34.19,
2016.06.22,35.82,
2016.06.23,38.46,
2016.06.24,36.15,
2016.06.25,34.47,
2016.06.26,27.52,
2016.06.27,38.94,
2016.06.28,34.55,
2016.06.29,33.95,
2016.06.30,34.75,
2016.07.01,40.21,
2016.07.02,40.13,
2016.07.03,30.49,
2016.07.04,31.57,
2016.07.05,36.03,
2016.07.06,36.64,
2016.07.07,36.12,
2016.07.08,33.85,
2016.07.09,33.15,
2016.07.10,25.16,
2016.07.11,38.55,
2016.07.12,45.70,
2016.07.13,40.89,
2016.07.14,39.11,
2016.07.15,34.86,
2016.07.16,30.23,
2016.07.17,24.48,
2016.07.18,34.35,
2016.07.19,33.70,
2016.07.20,37.78,
2016.07.21,36.57,
2016.07.22,33.98,
2016.07.23,36.10,
2016.07.24,32.27,
2016.07.25,38.14,
2016.07.26,37.74,
2016.07.27,36.83,
2016.07.28,37.28,
2016.07.29,39.10,
2016.07.30,32.51,
2016.07.31,26.89,
2016.08.01,36.92,
2016.08.02,39.84,
2016.08.03,37.84,
2016.08.04,36.67,
2016.08.05,36.54,
2016.08.06,38.02,
2016.08.07,23.95,
2016.08.08,32.96,
2016.08.09,36.88,
2016.08.10,33.30,
2016.08.11,32.40,
2016.08.12,28.35,
2016.08.13,26.83,
2016.08.14,26.06,
2016.08.15,30.67,
2016.08.16,33.60,
2016.08.17,33.35,
2016.08.18,33.92,
2016.08.19,34.44,
2016.08.20,28.14,
2016.08.21,24.18,
2016.08.22,30.36,
2016.08.23,31.74,
2016.08.24,34.35,
2016.08.25,30.27,
2016.08.26,34.03,
2016.08.27,37.88,
2016.08.28,32.76,
2016.08.29,34.92,
2016.08.30,35.99,
2016.08.31,35.90,
2016.09.01,38.53,
2016.09.02,37.37,
2016.09.03,35.61,
2016.09.04,29.59,
2016.09.05,36.50,
2016.09.06,35.47,
2016.09.07,33.80,
2016.09.08,37.14,
2016.09.09,34.27,
2016.09.10,35.43,
2016.09.11,29.58,
2016.09.12,36.98,
2016.09.13,39.71,
2016.09.14,42.93,
2016.09.15,36.61,
2016.09.16,34.13,
2016.09.17,35.05,
2016.09.18,32.80,
2016.09.19,37.34,
2016.09.20,34.89,
2016.09.21,37.37,
2016.09.22,36.05,
2016.09.23,33.34,
2016.09.24,37.80,
2016.09.25,34.03,
2016.09.26,38.28,
2016.09.27,42.23,
2016.09.28,40.17,
2016.09.29,38.16,
2016.09.30,42.40,
2016.10.01,45.25,
2016.10.02,41.26,
2016.10.03,61.22,
2016.10.04,35.81,
2016.10.05,41.53,
2016.10.06,51.06,
2016.10.07,48.47,
2016.10.08,34.46,
2016.10.09,39.48,
2016.10.10,63.93,
2016.10.11,54.51,
2016.10.12,57.43,
2016.10.13,58.10,
2016.10.14,47.80,
2016.10.15,42.49,
2016.10.16,34.16,
2016.10.17,45.26,
2016.10.18,49.15,
2016.10.19,51.09,
2016.10.20,50.68,
2016.10.21,44.25,
2016.10.22,47.11,
2016.10.23,34.28,
2016.10.24,40.44,
2016.10.25,51.07,
2016.10.26,45.87,
2016.10.27,40.50,
2016.10.28,39.67,
2016.10.29,36.33,
2016.10.30,37.17,
2016.10.31,44.14,
2016.11.01,36.95,
2016.11.02,40.05,
2016.11.03,52.14,
2016.11.04,44.37,
2016.11.05,42.18,
2016.11.06,34.91,
2016.11.07,46.12,
2016.11.08,55.46,
2016.11.09,49.84,
2016.11.10,51.20,
2016.11.11,49.46,
2016.11.12,40.28,
2016.11.13,36.01,
2016.11.14,41.22,
2016.11.15,38.61,
2016.11.16,43.01,
2016.11.17,38.17,
2016.11.18,34.96,
2016.11.19,30.34,
2016.11.20,18.77,
2016.11.21,34.12,
2016.11.22,39.52,
2016.11.23,44.74,
2016.11.24,39.26,
2016.11.25,42.30,
2016.11.26,39.75,
2016.11.27,30.08,
2016.11.28,42.70,
2016.11.29,43.16,
2016.11.30,39.58,
2016.12.01,42.98,
2016.12.02,41.94,
2016.12.03,40.67,
2016.12.04,37.50,
2016.12.05,49.53,
2016.12.06,53.39,
2016.12.07,48.81,
2016.12.08,42.44,
2016.12.09,42.92,
2016.12.10,42.19,
2016.12.11,32.20,
2016.12.12,47.74,
2016.12.13,50.61,
2016.12.14,57.18,
2016.12.15,50.70,
2016.12.16,57.63,
2016.12.17,50.39,
2016.12.18,49.43,
2016.12.19,63.32,
2016.12.20,51.98,
2016.12.21,55.88,
2016.12.22,60.62,
2016.12.23,57.55,
2016.12.24,55.91,
2016.12.25,49.56,
2016.12.26,44.27,
2016.12.27,54.61,
2016.12.28,45.76,
2016.12.29,49.90,
2016.12.30,45.35,
2016.12.31,50.23,
2017.01.01,41.25,
2017.01.02,49.71,
2017.01.03,62.14,
2017.01.04,55.97,
2017.01.05,55.15,
2017.01.06,51.33,
2017.01.07,50.23,
2017.01.08,53.87,
2017.01.09,74.52,
2017.01.10,97.09,
2017.01.11,150.02,
2017.01.12,79.79,
2017.01.13,73.69,
2017.01.14,66.07,
2017.01.15,74.24,
2017.01.16,81.73,
2017.01.17,89.95,
2017.01.18,83.77,
2017.01.19,94.75,
2017.01.20,97.65,
2017.01.21,79.78,
2017.01.22,53.62,
2017.01.23,90.71,
2017.01.24,99.11,
2017.01.25,98.00,
2017.01.26,95.95,
2017.01.27,109.00,
2017.01.28,109.68,
2017.01.29,83.24,
2017.01.30,104.28,
2017.01.31,112.52,
2017.02.01,108.01,
2017.02.02,105.74,
2017.02.03,74.23,
2017.02.04,53.83,
2017.02.05,44.26,
2017.02.06,68.45,
2017.02.07,62.69,
2017.02.08,59.66,
2017.02.09,60.65,
2017.02.10,58.64,
2017.02.11,41.89,
2017.02.12,38.03,
2017.02.13,56.11,
2017.02.14,54.24,
2017.02.15,50.69,
2017.02.16,56.91,
2017.02.17,61.47,
2017.02.18,49.00,
2017.02.19,38.51,
2017.02.20,54.29,
2017.02.21,56.74,
2017.02.22,49.66,
2017.02.23,47.77,
2017.02.24,38.41,
2017.02.25,46.50,
2017.02.26,34.39,
2017.02.27,49.92,
2017.02.28,35.72,
2017.03.01,40.04,
2017.03.02,42.77,
2017.03.03,38.79,
2017.03.04,31.65,
2017.03.05,19.52,
2017.03.06,42.12,
2017.03.07,44.05,
2017.03.08,35.63,
2017.03.09,42.24,
2017.03.10,38.77,
2017.03.11,34.45,
2017.03.12,26.05,
2017.03.13,38.63,
2017.03.14,35.84,
2017.03.15,34.63,
2017.03.16,38.53,
2017.03.17,37.43,
2017.03.18,31.67,
2017.03.19,35.18,
2017.03.20,54.94,
2017.03.21,51.56,
2017.03.22,41.11,
2017.03.23,39.46,
2017.03.24,39.51,
2017.03.25,42.32,
2017.03.26,28.06,
2017.03.27,36.08,
2017.03.28,40.08,
2017.03.29,38.18,
2017.03.30,34.64,
2017.03.31,40.94,
2017.04.01,33.77,
2017.04.02,27.34,
2017.04.03,41.51,
2017.04.04,47.11,
2017.04.05,51.61,
2017.04.06,44.45,
2017.04.07,39.36,
2017.04.08,38.85,
2017.04.09,32.91,
2017.04.10,41.21,
2017.04.11,42.52,
2017.04.12,42.30,
2017.04.13,42.53,
2017.04.14,36.74,
2017.04.15,34.87,
2017.04.16,21.75,
2017.04.17,24.92,
2017.04.18,38.54,
2017.04.19,42.57,
2017.04.20,44.61,
2017.04.21,42.84,
2017.04.22,43.53,
2017.04.23,39.13,
2017.04.24,49.30,
2017.04.25,43.54,
2017.04.26,47.96,
2017.04.27,44.71,
2017.04.28,42.31,
2017.04.29,36.08,
2017.04.30,31.28,
2017.05.01,17.59,
2017.05.02,52.83,
2017.05.03,56.17,
2017.05.04,47.09,
2017.05.05,44.04,
2017.05.06,35.44,
2017.05.07,31.56,
2017.05.08,38.63,
2017.05.09,45.62,
2017.05.10,49.73,
2017.05.11,43.00,
2017.05.12,38.12,
2017.05.13,49.37,
2017.05.14,30.60,
2017.05.15,42.54,
2017.05.16,44.54,
2017.05.17,40.57,
2017.05.18,46.85,
2017.05.19,42.12,
2017.05.20,36.07,
2017.05.21,26.03,
2017.05.22,51.88,
2017.05.23,52.36,
2017.05.24,51.67,
2017.05.25,46.19,
2017.05.26,54.33,
2017.05.27,41.97,
2017.05.28,29.37,
2017.05.29,40.75,
2017.05.30,47.29,
2017.05.31,49.66,
2017.06.01,49.72,
2017.06.02,37.55,
2017.06.03,36.90,
2017.06.04,25.18,
2017.06.05,36.67,
2017.06.06,48.90,
2017.06.07,46.91,
2017.06.08,43.25,
2017.06.09,42.49,
2017.06.10,38.13,
2017.06.11,30.18,
2017.06.12,42.85,
2017.06.13,44.41,
2017.06.14,46.13,
2017.06.15,50.21,
2017.06.16,46.83,
2017.06.17,30.56,
2017.06.18,30.15,
2017.06.19,40.69,
2017.06.20,48.79,
2017.06.21,55.69,
2017.06.22,57.62,
2017.06.23,52.01,
2017.06.24,46.85,
2017.06.25,33.03,
2017.06.26,50.24,
2017.06.27,54.46,
2017.06.28,51.76,
2017.06.29,46.01,
2017.06.30,53.38,
2017.07.01,41.12,
2017.07.02,36.05,
2017.07.03,42.68,
2017.07.04,41.10,
2017.07.05,49.45,
2017.07.06,49.96,
2017.07.07,57.24,
2017.07.08,43.39,
2017.07.09,51.85,
2017.07.10,64.76,
2017.07.11,69.92,
2017.07.12,58.86,
2017.07.13,60.57,
2017.07.14,53.40,
2017.07.15,48.07,
2017.07.16,35.34,
2017.07.17,44.22,
2017.07.18,55.16,
2017.07.19,59.89,
2017.07.20,62.11,
2017.07.21,61.27,
2017.07.22,50.41,
2017.07.23,51.41,
2017.07.24,58.31,
2017.07.25,42.27,
2017.07.26,54.55,
2017.07.27,59.46,
2017.07.28,50.76,
2017.07.29,48.17,
2017.07.30,40.17,
2017.07.31,65.70,
2017.08.01,73.74,
2017.08.02,74.19,
2017.08.03,87.24,
2017.08.04,97.72,
2017.08.05,75.57,
2017.08.06,49.70,
2017.08.07,71.48,
2017.08.08,51.26,
2017.08.09,81.50,
2017.08.10,68.77,
2017.08.11,65.44,
2017.08.12,52.17,
2017.08.13,35.18,
2017.08.14,34.55,
2017.08.15,38.74,
2017.08.16,47.87,
2017.08.17,53.43,
2017.08.18,60.03,
2017.08.19,48.33,
2017.08.20,23.55,
2017.08.21,47.48,
2017.08.22,57.19,
2017.08.23,57.42,
2017.08.24,64.69,
2017.08.25,79.55,
2017.08.26,48.37,
2017.08.27,33.29,
2017.08.28,57.44,
2017.08.29,49.15,
2017.08.30,55.55,
2017.08.31,67.16,
2017.09.01,45.21,
2017.09.02,40.77,
2017.09.03,32.36,
2017.09.04,40.24,
2017.09.05,53.40,
2017.09.06,51.03,
2017.09.07,48.38,
2017.09.08,47.47,
2017.09.09,42.42,
2017.09.10,38.25,
2017.09.11,39.98,
2017.09.12,39.42,
2017.09.13,45.60,
2017.09.14,47.35,
2017.09.15,42.83,
2017.09.16,53.46,
2017.09.17,40.64,
2017.09.18,51.85,
2017.09.19,47.37,
2017.09.20,43.13,
2017.09.21,42.66,
2017.09.22,40.76,
2017.09.23,37.84,
2017.09.24,35.66,
2017.09.25,41.85,
2017.09.26,40.47,
2017.09.27,39.89,
2017.09.28,40.99,
2017.09.29,39.36,
2017.09.30,35.82,
2017.10.01,27.27,
2017.10.02,41.37,
2017.10.03,50.57,
2017.10.04,52.75,
2017.10.05,51.32,
2017.10.06,47.73,
2017.10.07,29.81,
2017.10.08,30.41,
2017.10.09,59.19,
2017.10.10,68.80,
2017.10.11,60.65,
2017.10.12,55.31,
2017.10.13,53.74,
2017.10.14,49.05,
2017.10.15,35.60,
2017.10.16,51.60,
2017.10.17,53.68,
2017.10.18,58.29,
2017.10.19,58.04,
2017.10.20,60.88,
2017.10.21,79.65,
2017.10.22,37.08,
2017.10.23,44.95,
2017.10.24,46.21,
2017.10.25,50.90,
2017.10.26,66.34,
2017.10.27,63.12,
2017.10.28,35.36,
2017.10.29,34.18,
2017.10.30,42.07,
2017.10.31,45.50,
2017.11.01,38.64,
2017.11.02,56.78,
2017.11.03,78.99,
2017.11.04,60.28,
2017.11.05,50.26,
2017.11.06,65.40,
2017.11.07,66.56,
2017.11.08,63.56,
2017.11.09,75.01,
2017.11.10,67.45,
2017.11.11,47.15,
2017.11.12,38.12,
2017.11.13,58.38,
2017.11.14,45.63,
2017.11.15,64.49,
2017.11.16,54.31,
2017.11.17,56.23,
2017.11.18,50.52,
2017.11.19,42.14,
2017.11.20,55.61,
2017.11.21,70.17,
2017.11.22,75.41,
2017.11.23,75.45,
2017.11.24,76.45,
2017.11.25,56.51,
2017.11.26,44.93,
2017.11.27,59.70,
2017.11.28,67.13,
2017.11.29,77.29,
2017.11.30,75.27,
2017.12.01,65.44,
2017.12.02,43.94,
2017.12.03,33.99,
2017.12.04,49.87,
2017.12.05,52.57,
2017.12.06,40.95,
2017.12.07,53.64,
2017.12.08,54.79,
2017.12.09,42.37,
2017.12.10,29.68,
2017.12.11,44.91,
2017.12.12,39.02,
2017.12.13,50.46,
2017.12.14,40.31,
2017.12.15,48.93,
2017.12.16,35.84,
2017.12.17,31.02,
2017.12.18,48.88,
2017.12.19,62.71,
2017.12.20,59.94,
2017.12.21,51.45,
2017.12.22,40.89,
2017.12.23,36.42,
2017.12.24,16.80,
2017.12.25,28.97,
2017.12.26,13.16,
2017.12.27,30.21,
2017.12.28,33.22,
2017.12.29,23.76,
2017.12.30,24.73,
2017.12.31,11.80,